百家拳,2015/12/8,2016/2/6
百家拳电影,2015/12/8,2016/2/6
百家拳 电影,2015/12/8,2016/2/6
不是钱的事电影,2015/12/10,2016/2/8
不是钱的事 电影,2015/12/10,2016/2/8
不是钱的事电影,2014/12/10,2015/2/8
不是钱的事 电影,2014/12/10,2015/2/8
星球大战,2015/12/10,2016/2/8
星球大战电影,2015/12/10,2016/2/8
星球大战 电影,2015/12/10,2016/2/8
国酒电影,2015/12/16,2016/2/14
国酒 电影,2015/12/16,2016/2/14
国酒电影,2014/12/16,2015/2/14
国酒 电影,2014/12/16,2015/2/14
我很帅电影,2015/12/16,2016/2/14
我很帅 电影,2015/12/16,2016/2/14
我很帅电影,2014/12/16,2015/2/14
我很帅 电影,2014/12/16,2015/2/14
恋爱教父,2015/12/16,2016/2/14
恋爱教父电影,2015/12/16,2016/2/14
恋爱教父 电影,2015/12/16,2016/2/14
极限挑战,2015/12/16,2016/2/14
极限挑战电影,2015/12/16,2016/2/14
极限挑战 电影,2015/12/16,2016/2/14
熊出没,2015/12/17,2016/2/15
熊出没电影,2015/12/17,2016/2/15
熊出没 电影,2015/12/17,2016/2/15
果宝特攻,2015/12/17,2016/2/15
果宝特攻电影,2015/12/17,2016/2/15
果宝特攻 电影,2015/12/17,2016/2/15
清明电影,2015/12/20,2016/2/18
清明 电影,2015/12/20,2016/2/18
清明电影,2014/12/20,2015/2/18
清明 电影,2014/12/20,2015/2/18
小轿车电影,2015/12/20,2016/2/18
小轿车 电影,2015/12/20,2016/2/18
小轿车电影,2014/12/20,2015/2/18
小轿车 电影,2014/12/20,2015/2/18
围炉电影,2015/12/20,2016/2/18
围炉 电影,2015/12/20,2016/2/18
围炉电影,2014/12/20,2015/2/18
围炉 电影,2014/12/20,2015/2/18
怒放生命电影,2015/12/20,2016/2/18
怒放生命 电影,2015/12/20,2016/2/18
怒放生命电影,2014/12/20,2015/2/18
怒放生命 电影,2014/12/20,2015/2/18
临时约定电影,2015/12/20,2016/2/18
临时约定 电影,2015/12/20,2016/2/18
临时约定电影,2014/12/20,2015/2/18
临时约定 电影,2014/12/20,2015/2/18
知心法官电影,2015/12/20,2016/2/18
知心法官 电影,2015/12/20,2016/2/18
知心法官电影,2014/12/20,2015/2/18
知心法官 电影,2014/12/20,2015/2/18
欢・爱电影,2015/12/20,2016/2/18
欢・爱 电影,2015/12/20,2016/2/18
欢・爱电影,2014/12/20,2015/2/18
欢・爱 电影,2014/12/20,2015/2/18
致命一击电影,2015/12/20,2016/2/18
致命一击 电影,2015/12/20,2016/2/18
致命一击电影,2014/12/20,2015/2/18
致命一击 电影,2014/12/20,2015/2/18
古田会议电影,2015/12/20,2016/2/18
古田会议 电影,2015/12/20,2016/2/18
古田会议电影,2014/12/20,2015/2/18
古田会议 电影,2014/12/20,2015/2/18
何去何从电影,2015/12/20,2016/2/18
何去何从 电影,2015/12/20,2016/2/18
何去何从电影,2014/12/20,2015/2/18
何去何从 电影,2014/12/20,2015/2/18
乡关何处电影,2015/12/20,2016/2/18
乡关何处 电影,2015/12/20,2016/2/18
乡关何处电影,2014/12/20,2015/2/18
乡关何处 电影,2014/12/20,2015/2/18
一家老小向前冲电影,2015/12/23,2016/2/21
一家老小向前冲 电影,2015/12/23,2016/2/21
一家老小向前冲电影,2014/12/23,2015/2/21
一家老小向前冲 电影,2014/12/23,2015/2/21
猿创世界,2015/12/24,2016/2/22
猿创世界电影,2015/12/24,2016/2/22
猿创世界 电影,2015/12/24,2016/2/22
鼠来宝4,2015/12/27,2016/2/25
鼠来宝4电影,2015/12/27,2016/2/25
鼠来宝4 电影,2015/12/27,2016/2/25
我的“狐朋狗友”电影,2015/12/30,2016/2/28
我的“狐朋狗友” 电影,2015/12/30,2016/2/28
我的“狐朋狗友”电影,2014/12/30,2015/2/28
我的“狐朋狗友” 电影,2014/12/30,2015/2/28
过年好电影,2016/1/2,2016/3/2
过年好 电影,2016/1/2,2016/3/2
过年好电影,2015/1/2,2015/3/3
过年好 电影,2015/1/2,2015/3/3
那岁月―刻骨铭心电影,2016/1/2,2016/3/2
那岁月―刻骨铭心 电影,2016/1/2,2016/3/2
那岁月―刻骨铭心电影,2015/1/2,2015/3/3
那岁月―刻骨铭心 电影,2015/1/2,2015/3/3
离婚之后电影,2016/1/6,2016/3/6
离婚之后 电影,2016/1/6,2016/3/6
离婚之后电影,2015/1/6,2015/3/7
离婚之后 电影,2015/1/6,2015/3/7
你在干嘛电影,2016/1/6,2016/3/6
你在干嘛 电影,2016/1/6,2016/3/6
你在干嘛电影,2015/1/6,2015/3/7
你在干嘛 电影,2015/1/6,2015/3/7
倒霉的一天电影,2016/1/6,2016/3/6
倒霉的一天 电影,2016/1/6,2016/3/6
倒霉的一天电影,2015/1/6,2015/3/7
倒霉的一天 电影,2015/1/6,2015/3/7
请柬电影,2016/1/6,2016/3/6
请柬 电影,2016/1/6,2016/3/6
请柬电影,2015/1/6,2015/3/7
请柬 电影,2015/1/6,2015/3/7
黑处有什么电影,2016/1/6,2016/3/6
黑处有什么 电影,2016/1/6,2016/3/6
黑处有什么电影,2015/1/6,2015/3/7
黑处有什么 电影,2015/1/6,2015/3/7
我心雀跃电影,2016/1/6,2016/3/6
我心雀跃 电影,2016/1/6,2016/3/6
我心雀跃电影,2015/1/6,2015/3/7
我心雀跃 电影,2015/1/6,2015/3/7
父母电影,2016/1/6,2016/3/6
父母 电影,2016/1/6,2016/3/6
父母电影,2015/1/6,2015/3/7
父母 电影,2015/1/6,2015/3/7
海豚电影,2016/1/6,2016/3/6
海豚 电影,2016/1/6,2016/3/6
海豚电影,2015/1/6,2015/3/7
海豚 电影,2015/1/6,2015/3/7
雪人电影,2016/1/6,2016/3/6
雪人 电影,2016/1/6,2016/3/6
雪人电影,2015/1/6,2015/3/7
雪人 电影,2015/1/6,2015/3/7
神秘的未知世界电影,2016/1/6,2016/3/6
神秘的未知世界 电影,2016/1/6,2016/3/6
神秘的未知世界电影,2015/1/6,2015/3/7
神秘的未知世界 电影,2015/1/6,2015/3/7
大峡谷电影,2016/1/6,2016/3/6
大峡谷 电影,2016/1/6,2016/3/6
大峡谷电影,2015/1/6,2015/3/7
大峡谷 电影,2015/1/6,2015/3/7
亚马逊大冒险电影,2016/1/6,2016/3/6
亚马逊大冒险 电影,2016/1/6,2016/3/6
亚马逊大冒险电影,2015/1/6,2015/3/7
亚马逊大冒险 电影,2015/1/6,2015/3/7
地心游记电影,2016/1/6,2016/3/6
地心游记 电影,2016/1/6,2016/3/6
地心游记电影,2015/1/6,2015/3/7
地心游记 电影,2015/1/6,2015/3/7
神秘岛电影,2016/1/6,2016/3/6
神秘岛 电影,2016/1/6,2016/3/6
神秘岛电影,2015/1/6,2015/3/7
神秘岛 电影,2015/1/6,2015/3/7
非洲大草原电影,2016/1/6,2016/3/6
非洲大草原 电影,2016/1/6,2016/3/6
非洲大草原电影,2015/1/6,2015/3/7
非洲大草原 电影,2015/1/6,2015/3/7
树的一生电影,2016/1/6,2016/3/6
树的一生 电影,2016/1/6,2016/3/6
树的一生电影,2015/1/6,2015/3/7
树的一生 电影,2015/1/6,2015/3/7
珊瑚礁电影,2016/1/6,2016/3/6
珊瑚礁 电影,2016/1/6,2016/3/6
珊瑚礁电影,2015/1/6,2015/3/7
珊瑚礁 电影,2015/1/6,2015/3/7
九纹龙史进,2016/1/7,2016/3/7
九纹龙史进电影,2016/1/7,2016/3/7
九纹龙史进 电影,2016/1/7,2016/3/7
热血时代电影,2016/1/7,2016/3/7
热血时代 电影,2016/1/7,2016/3/7
热血时代电影,2015/1/7,2015/3/8
热血时代 电影,2015/1/7,2015/3/8
大山里的春天电影,2016/1/7,2016/3/7
大山里的春天 电影,2016/1/7,2016/3/7
大山里的春天电影,2015/1/7,2015/3/8
大山里的春天 电影,2015/1/7,2015/3/8
爱无界电影,2016/1/7,2016/3/7
爱无界 电影,2016/1/7,2016/3/7
爱无界电影,2015/1/7,2015/3/8
爱无界 电影,2015/1/7,2015/3/8
触发电影,2016/1/7,2016/3/7
触发 电影,2016/1/7,2016/3/7
触发电影,2015/1/7,2015/3/8
触发 电影,2015/1/7,2015/3/8
心门电影,2016/1/7,2016/3/7
心门 电影,2016/1/7,2016/3/7
心门电影,2015/1/7,2015/3/8
心门 电影,2015/1/7,2015/3/8
记忆中的未来,2016/1/7,2016/3/7
记忆中的未来电影,2016/1/7,2016/3/7
记忆中的未来 电影,2016/1/7,2016/3/7
初一电影,2016/1/7,2016/3/7
初一 电影,2016/1/7,2016/3/7
初一电影,2015/1/7,2015/3/8
初一 电影,2015/1/7,2015/3/8
铁翼重生,2016/1/7,2016/3/7
铁翼重生电影,2016/1/7,2016/3/7
铁翼重生 电影,2016/1/7,2016/3/7
花有重开日电影,2016/1/7,2016/3/7
花有重开日 电影,2016/1/7,2016/3/7
花有重开日电影,2015/1/7,2015/3/8
花有重开日 电影,2015/1/7,2015/3/8
终极硬汉电影,2016/1/7,2016/3/7
终极硬汉 电影,2016/1/7,2016/3/7
终极硬汉电影,2015/1/7,2015/3/8
终极硬汉 电影,2015/1/7,2015/3/8
铁翼重生,2016/1/7,2016/3/7
铁翼重生电影,2016/1/7,2016/3/7
铁翼重生 电影,2016/1/7,2016/3/7
铁翼重生,2016/1/7,2016/3/7
铁翼重生电影,2016/1/7,2016/3/7
铁翼重生 电影,2016/1/7,2016/3/7
刑侦队电影,2016/1/7,2016/3/7
刑侦队 电影,2016/1/7,2016/3/7
刑侦队电影,2015/1/7,2015/3/8
刑侦队 电影,2015/1/7,2015/3/8
龙凤呈祥（京剧）电影,2016/1/9,2016/3/9
龙凤呈祥（京剧） 电影,2016/1/9,2016/3/9
龙凤呈祥（京剧）电影,2015/1/9,2015/3/10
龙凤呈祥（京剧） 电影,2015/1/9,2015/3/10
西游记,2016/1/9,2016/3/9
西游记电影,2016/1/9,2016/3/9
西游记 电影,2016/1/9,2016/3/9
美人鱼电影,2016/1/9,2016/3/9
美人鱼 电影,2016/1/9,2016/3/9
美人鱼电影,2015/1/9,2015/3/10
美人鱼 电影,2015/1/9,2015/3/10
断片儿电影,2016/1/12,2016/3/12
断片儿 电影,2016/1/12,2016/3/12
断片儿电影,2015/1/12,2015/3/13
断片儿 电影,2015/1/12,2015/3/13
奔爱电影,2016/1/15,2016/3/15
奔爱 电影,2016/1/15,2016/3/15
奔爱电影,2015/1/15,2015/3/16
奔爱 电影,2015/1/15,2015/3/16
火影忍者剧场版,2016/1/19,2016/3/19
火影忍者剧场版电影,2016/1/19,2016/3/19
火影忍者剧场版 电影,2016/1/19,2016/3/19
恭喜发财,2016/1/20,2016/3/20
恭喜发财电影,2016/1/20,2016/3/20
恭喜发财 电影,2016/1/20,2016/3/20
卧虎藏龙,2016/1/20,2016/3/20
卧虎藏龙电影,2016/1/20,2016/3/20
卧虎藏龙 电影,2016/1/20,2016/3/20
青蛙王国,2016/1/20,2016/3/20
青蛙王国电影,2016/1/20,2016/3/20
青蛙王国 电影,2016/1/20,2016/3/20
托马斯和朋友们多多岛,2016/1/21,2016/3/21
托马斯和朋友们多多岛电影,2016/1/21,2016/3/21
托马斯和朋友们多多岛 电影,2016/1/21,2016/3/21
当我们年轻的时候电影,2016/1/26,2016/3/26
当我们年轻的时候 电影,2016/1/26,2016/3/26
当我们年轻的时候电影,2015/1/26,2015/3/27
当我们年轻的时候 电影,2015/1/26,2015/3/27
美好人生电影,2016/1/27,2016/3/27
美好人生 电影,2016/1/27,2016/3/27
美好人生电影,2015/1/27,2015/3/28
美好人生 电影,2015/1/27,2015/3/28
你是不是我的爱人电影,2016/2/3,2016/4/3
你是不是我的爱人 电影,2016/2/3,2016/4/3
你是不是我的爱人电影,2015/2/3,2015/4/4
你是不是我的爱人 电影,2015/2/3,2015/4/4
爱情麻辣烫,2016/2/7,2016/4/7
爱情麻辣烫电影,2016/2/7,2016/4/7
爱情麻辣烫 电影,2016/2/7,2016/4/7
育婴室电影,2016/2/9,2016/4/9
育婴室 电影,2016/2/9,2016/4/9
育婴室电影,2015/2/9,2015/4/10
育婴室 电影,2015/2/9,2015/4/10
回马亭电影,2016/2/9,2016/4/9
回马亭 电影,2016/2/9,2016/4/9
回马亭电影,2015/2/9,2015/4/10
回马亭 电影,2015/2/9,2015/4/10
铁拳电影,2016/2/9,2016/4/9
铁拳 电影,2016/2/9,2016/4/9
铁拳电影,2015/2/9,2015/4/10
铁拳 电影,2015/2/9,2015/4/10
呼吸正常电影,2016/2/10,2016/4/10
呼吸正常 电影,2016/2/10,2016/4/10
呼吸正常电影,2015/2/10,2015/4/11
呼吸正常 电影,2015/2/10,2015/4/11
九纹龙史进,2016/2/10,2016/4/10
九纹龙史进电影,2016/2/10,2016/4/10
九纹龙史进 电影,2016/2/10,2016/4/10
相亲那点事电影,2016/2/10,2016/4/10
相亲那点事 电影,2016/2/10,2016/4/10
相亲那点事电影,2015/2/10,2015/4/11
相亲那点事 电影,2015/2/10,2015/4/11
农历十七电影,2016/2/10,2016/4/10
农历十七 电影,2016/2/10,2016/4/10
农历十七电影,2015/2/10,2015/4/11
农历十七 电影,2015/2/10,2015/4/11
大刺客,2016/2/10,2016/4/10
大刺客电影,2016/2/10,2016/4/10
大刺客 电影,2016/2/10,2016/4/10
屠门镇,2016/2/10,2016/4/10
屠门镇电影,2016/2/10,2016/4/10
屠门镇 电影,2016/2/10,2016/4/10
屠门镇,2016/2/10,2016/4/10
屠门镇电影,2016/2/10,2016/4/10
屠门镇 电影,2016/2/10,2016/4/10
飞跃彩虹电影,2016/2/10,2016/4/10
飞跃彩虹 电影,2016/2/10,2016/4/10
飞跃彩虹电影,2015/2/10,2015/4/11
飞跃彩虹 电影,2015/2/10,2015/4/11
你知不知道我爱你电影,2016/2/10,2016/4/10
你知不知道我爱你 电影,2016/2/10,2016/4/10
你知不知道我爱你电影,2015/2/10,2015/4/11
你知不知道我爱你 电影,2015/2/10,2015/4/11
同城邂逅电影,2016/2/10,2016/4/10
同城邂逅 电影,2016/2/10,2016/4/10
同城邂逅电影,2015/2/10,2015/4/11
同城邂逅 电影,2015/2/10,2015/4/11
神战：权力,2016/2/10,2016/4/10
神战：权力电影,2016/2/10,2016/4/10
神战：权力 电影,2016/2/10,2016/4/10
哑孩儿电影,2016/2/14,2016/4/14
哑孩儿 电影,2016/2/14,2016/4/14
哑孩儿电影,2015/2/14,2015/4/15
哑孩儿 电影,2015/2/14,2015/4/15
决不饶恕电影,2016/2/14,2016/4/14
决不饶恕 电影,2016/2/14,2016/4/14
决不饶恕电影,2015/2/14,2015/4/15
决不饶恕 电影,2015/2/14,2015/4/15
卡门电影,2016/2/14,2016/4/14
卡门 电影,2016/2/14,2016/4/14
卡门电影,2015/2/14,2015/4/15
卡门 电影,2015/2/14,2015/4/15
恐怖爱情故事,2016/2/17,2016/4/17
恐怖爱情故事电影,2016/2/17,2016/4/17
恐怖爱情故事 电影,2016/2/17,2016/4/17
蜜月计划电影,2016/2/17,2016/4/17
蜜月计划 电影,2016/2/17,2016/4/17
蜜月计划电影,2015/2/17,2015/4/18
蜜月计划 电影,2015/2/17,2015/4/18
牛儿肥了电影,2016/2/17,2016/4/17
牛儿肥了 电影,2016/2/17,2016/4/17
牛儿肥了电影,2015/2/17,2015/4/18
牛儿肥了 电影,2015/2/17,2015/4/18
百家拳,2016/2/17,2016/4/17
百家拳电影,2016/2/17,2016/4/17
百家拳 电影,2016/2/17,2016/4/17
东江密令,2016/2/17,2016/4/17
东江密令电影,2016/2/17,2016/4/17
东江密令 电影,2016/2/17,2016/4/17
东江密令,2016/2/17,2016/4/17
东江密令电影,2016/2/17,2016/4/17
东江密令 电影,2016/2/17,2016/4/17
社区主任电影,2016/2/17,2016/4/17
社区主任 电影,2016/2/17,2016/4/17
社区主任电影,2015/2/17,2015/4/18
社区主任 电影,2015/2/17,2015/4/18
寻侠英雄传,2016/2/17,2016/4/17
寻侠英雄传电影,2016/2/17,2016/4/17
寻侠英雄传 电影,2016/2/17,2016/4/17
寻侠英雄转,2016/2/17,2016/4/17
寻侠英雄转电影,2016/2/17,2016/4/17
寻侠英雄转 电影,2016/2/17,2016/4/17
寻侠英雄传,2016/2/17,2016/4/17
寻侠英雄传电影,2016/2/17,2016/4/17
寻侠英雄传 电影,2016/2/17,2016/4/17
寻侠英雄传,2016/2/17,2016/4/17
寻侠英雄传电影,2016/2/17,2016/4/17
寻侠英雄传 电影,2016/2/17,2016/4/17
寻侠英雄传,2016/2/17,2016/4/17
寻侠英雄传电影,2016/2/17,2016/4/17
寻侠英雄传 电影,2016/2/17,2016/4/17
寻侠英雄传,2016/2/17,2016/4/17
寻侠英雄传电影,2016/2/17,2016/4/17
寻侠英雄传 电影,2016/2/17,2016/4/17
东江密令,2016/2/17,2016/4/17
东江密令电影,2016/2/17,2016/4/17
东江密令 电影,2016/2/17,2016/4/17
东江密令,2016/2/17,2016/4/17
东江密令电影,2016/2/17,2016/4/17
东江密令 电影,2016/2/17,2016/4/17
寻找心中的你电影,2016/2/17,2016/4/17
寻找心中的你 电影,2016/2/17,2016/4/17
寻找心中的你电影,2015/2/17,2015/4/18
寻找心中的你 电影,2015/2/17,2015/4/18
恐怖禁忌,2016/2/17,2016/4/17
恐怖禁忌电影,2016/2/17,2016/4/17
恐怖禁忌 电影,2016/2/17,2016/4/17
唤爱电影,2016/2/20,2016/4/20
唤爱 电影,2016/2/20,2016/4/20
唤爱电影,2015/2/20,2015/4/21
唤爱 电影,2015/2/20,2015/4/21
怒放的花儿电影,2016/2/20,2016/4/20
怒放的花儿 电影,2016/2/20,2016/4/20
怒放的花儿电影,2015/2/20,2015/4/21
怒放的花儿 电影,2015/2/20,2015/4/21
笔仙,2016/2/20,2016/4/20
笔仙电影,2016/2/20,2016/4/20
笔仙 电影,2016/2/20,2016/4/20
六人晚餐电影,2016/2/20,2016/4/20
六人晚餐 电影,2016/2/20,2016/4/20
六人晚餐电影,2015/2/20,2015/4/21
六人晚餐 电影,2015/2/20,2015/4/21
大寒电影,2016/2/20,2016/4/20
大寒 电影,2016/2/20,2016/4/20
大寒电影,2015/2/20,2015/4/21
大寒 电影,2015/2/20,2015/4/21
再生,2016/2/20,2016/4/20
再生电影,2016/2/20,2016/4/20
再生 电影,2016/2/20,2016/4/20
八仙传,2016/2/20,2016/4/20
八仙传电影,2016/2/20,2016/4/20
八仙传 电影,2016/2/20,2016/4/20
美丽无比电影,2016/2/20,2016/4/20
美丽无比 电影,2016/2/20,2016/4/20
美丽无比电影,2015/2/20,2015/4/21
美丽无比 电影,2015/2/20,2015/4/21
我们毕业啦电影,2016/2/20,2016/4/20
我们毕业啦 电影,2016/2/20,2016/4/20
我们毕业啦电影,2015/2/20,2015/4/21
我们毕业啦 电影,2015/2/20,2015/4/21
一夜危机电影,2016/2/24,2016/4/24
一夜危机 电影,2016/2/24,2016/4/24
一夜危机电影,2015/2/24,2015/4/25
一夜危机 电影,2015/2/24,2015/4/25
设计未来电影,2016/2/24,2016/4/24
设计未来 电影,2016/2/24,2016/4/24
设计未来电影,2015/2/24,2015/4/25
设计未来 电影,2015/2/24,2015/4/25
盲・道电影,2016/2/24,2016/4/24
盲・道 电影,2016/2/24,2016/4/24
盲・道电影,2015/2/24,2015/4/25
盲・道 电影,2015/2/24,2015/4/25
那 美电影,2016/2/24,2016/4/24
那 美 电影,2016/2/24,2016/4/24
那 美电影,2015/2/24,2015/4/25
那 美 电影,2015/2/24,2015/4/25
警魂,2016/2/24,2016/4/24
警魂电影,2016/2/24,2016/4/24
警魂 电影,2016/2/24,2016/4/24
返乡电影,2016/2/24,2016/4/24
返乡 电影,2016/2/24,2016/4/24
返乡电影,2015/2/24,2015/4/25
返乡 电影,2015/2/24,2015/4/25
七天电影,2016/2/24,2016/4/24
七天 电影,2016/2/24,2016/4/24
七天电影,2015/2/24,2015/4/25
七天 电影,2015/2/24,2015/4/25
缘份电影,2016/2/24,2016/4/24
缘份 电影,2016/2/24,2016/4/24
缘份电影,2015/2/24,2015/4/25
缘份 电影,2015/2/24,2015/4/25
蝙蝠侠大战超人,2016/2/24,2016/4/24
蝙蝠侠大战超人电影,2016/2/24,2016/4/24
蝙蝠侠大战超人 电影,2016/2/24,2016/4/24
小英格兰电影,2016/2/24,2016/4/24
小英格兰 电影,2016/2/24,2016/4/24
小英格兰电影,2015/2/24,2015/4/25
小英格兰 电影,2015/2/24,2015/4/25
睡在我上铺的兄弟电影,2016/3/2,2016/5/1
睡在我上铺的兄弟 电影,2016/3/2,2016/5/1
睡在我上铺的兄弟电影,2015/3/3,2015/5/2
睡在我上铺的兄弟 电影,2015/3/3,2015/5/2
轩辕大帝电影,2016/3/2,2016/5/1
轩辕大帝 电影,2016/3/2,2016/5/1
轩辕大帝电影,2015/3/3,2015/5/2
轩辕大帝 电影,2015/3/3,2015/5/2
摩尔庄园大电影3:魔幻列车大冒,2016/3/3,2016/5/2
摩尔庄园大电影3:魔幻列车大冒电影,2016/3/3,2016/5/2
摩尔庄园大电影3:魔幻列车大冒 电影,2016/3/3,2016/5/2
小角色电影,2016/3/9,2016/5/8
小角色 电影,2016/3/9,2016/5/8
小角色电影,2015/3/10,2015/5/9
小角色 电影,2015/3/10,2015/5/9
不朽的时光电影,2016/3/16,2016/5/15
不朽的时光 电影,2016/3/16,2016/5/15
不朽的时光电影,2015/3/17,2015/5/16
不朽的时光 电影,2015/3/17,2015/5/16
帅位电影,2016/3/16,2016/5/15
帅位 电影,2016/3/16,2016/5/15
帅位电影,2015/3/17,2015/5/16
帅位 电影,2015/3/17,2015/5/16
伊犁河谷电影,2016/3/16,2016/5/15
伊犁河谷 电影,2016/3/16,2016/5/15
伊犁河谷电影,2015/3/17,2015/5/16
伊犁河谷 电影,2015/3/17,2015/5/16
屠门镇,2016/3/16,2016/5/15
屠门镇电影,2016/3/16,2016/5/15
屠门镇 电影,2016/3/16,2016/5/15
屠门镇,2016/3/16,2016/5/15
屠门镇电影,2016/3/16,2016/5/15
屠门镇 电影,2016/3/16,2016/5/15
翩翩起舞的姑娘电影,2016/3/16,2016/5/15
翩翩起舞的姑娘 电影,2016/3/16,2016/5/15
翩翩起舞的姑娘电影,2015/3/17,2015/5/16
翩翩起舞的姑娘 电影,2015/3/17,2015/5/16
时光冒险电影,2016/3/16,2016/5/15
时光冒险 电影,2016/3/16,2016/5/15
时光冒险电影,2015/3/17,2015/5/16
时光冒险 电影,2015/3/17,2015/5/16
爱的频率电影,2016/3/16,2016/5/15
爱的频率 电影,2016/3/16,2016/5/15
爱的频率电影,2015/3/17,2015/5/16
爱的频率 电影,2015/3/17,2015/5/16
不许动！电影,2016/3/16,2016/5/15
不许动！ 电影,2016/3/16,2016/5/15
不许动！电影,2015/3/17,2015/5/16
不许动！ 电影,2015/3/17,2015/5/16
红鹰突击队,2016/3/16,2016/5/15
红鹰突击队电影,2016/3/16,2016/5/15
红鹰突击队 电影,2016/3/16,2016/5/15
少年有梦电影,2016/3/16,2016/5/15
少年有梦 电影,2016/3/16,2016/5/15
少年有梦电影,2015/3/17,2015/5/16
少年有梦 电影,2015/3/17,2015/5/16
农民股东电影,2016/3/16,2016/5/15
农民股东 电影,2016/3/16,2016/5/15
农民股东电影,2015/3/17,2015/5/16
农民股东 电影,2015/3/17,2015/5/16
九纹龙史进,2016/3/16,2016/5/15
九纹龙史进电影,2016/3/16,2016/5/15
九纹龙史进 电影,2016/3/16,2016/5/15
血色烽烟,2016/3/16,2016/5/15
血色烽烟电影,2016/3/16,2016/5/15
血色烽烟 电影,2016/3/16,2016/5/15
血色烽烟,2016/3/16,2016/5/15
血色烽烟电影,2016/3/16,2016/5/15
血色烽烟 电影,2016/3/16,2016/5/15
少年梦电影,2016/3/16,2016/5/15
少年梦 电影,2016/3/16,2016/5/15
少年梦电影,2015/3/17,2015/5/16
少年梦 电影,2015/3/17,2015/5/16
出线电影,2016/3/16,2016/5/15
出线 电影,2016/3/16,2016/5/15
出线电影,2015/3/17,2015/5/16
出线 电影,2015/3/17,2015/5/16
我的真命天子电影,2016/3/16,2016/5/15
我的真命天子 电影,2016/3/16,2016/5/15
我的真命天子电影,2015/3/17,2015/5/16
我的真命天子 电影,2015/3/17,2015/5/16
白天鹅电影,2016/3/16,2016/5/15
白天鹅 电影,2016/3/16,2016/5/15
白天鹅电影,2015/3/17,2015/5/16
白天鹅 电影,2015/3/17,2015/5/16
练胆儿电影,2016/3/16,2016/5/15
练胆儿 电影,2016/3/16,2016/5/15
练胆儿电影,2015/3/17,2015/5/16
练胆儿 电影,2015/3/17,2015/5/16
纽约纽约电影,2016/3/16,2016/5/15
纽约纽约 电影,2016/3/16,2016/5/15
纽约纽约电影,2015/3/17,2015/5/16
纽约纽约 电影,2015/3/17,2015/5/16
冈仁波齐电影,2016/3/16,2016/5/15
冈仁波齐 电影,2016/3/16,2016/5/15
冈仁波齐电影,2015/3/17,2015/5/16
冈仁波齐 电影,2015/3/17,2015/5/16
国家利益电影,2016/3/19,2016/5/18
国家利益 电影,2016/3/19,2016/5/18
国家利益电影,2015/3/20,2015/5/19
国家利益 电影,2015/3/20,2015/5/19
刑警兄弟电影,2016/3/23,2016/5/22
刑警兄弟 电影,2016/3/23,2016/5/22
刑警兄弟电影,2015/3/24,2015/5/23
刑警兄弟 电影,2015/3/24,2015/5/23
女神时代电影,2016/3/23,2016/5/22
女神时代 电影,2016/3/23,2016/5/22
女神时代电影,2015/3/24,2015/5/23
女神时代 电影,2015/3/24,2015/5/23
我的1000万电影,2016/3/23,2016/5/22
我的1000万 电影,2016/3/23,2016/5/22
我的1000万电影,2015/3/24,2015/5/23
我的1000万 电影,2015/3/24,2015/5/23
屠门镇,2016/3/23,2016/5/22
屠门镇电影,2016/3/23,2016/5/22
屠门镇 电影,2016/3/23,2016/5/22
幸福快车电影,2016/3/23,2016/5/22
幸福快车 电影,2016/3/23,2016/5/22
幸福快车电影,2015/3/24,2015/5/23
幸福快车 电影,2015/3/24,2015/5/23
宁静的夏天电影,2016/3/23,2016/5/22
宁静的夏天 电影,2016/3/23,2016/5/22
宁静的夏天电影,2015/3/24,2015/5/23
宁静的夏天 电影,2015/3/24,2015/5/23
张震讲故事,2016/3/23,2016/5/22
张震讲故事电影,2016/3/23,2016/5/22
张震讲故事 电影,2016/3/23,2016/5/22
骆驼祥子电影,2016/3/23,2016/5/22
骆驼祥子 电影,2016/3/23,2016/5/22
骆驼祥子电影,2015/3/24,2015/5/23
骆驼祥子 电影,2015/3/24,2015/5/23
猎神：冬日,2016/3/23,2016/5/22
猎神：冬日电影,2016/3/23,2016/5/22
猎神：冬日 电影,2016/3/23,2016/5/22
跨国大追捕,2016/3/28,2016/5/27
跨国大追捕电影,2016/3/28,2016/5/27
跨国大追捕 电影,2016/3/28,2016/5/27
跨国大追捕,2016/3/28,2016/5/27
跨国大追捕电影,2016/3/28,2016/5/27
跨国大追捕 电影,2016/3/28,2016/5/27
跨国大追捕,2016/3/28,2016/5/27
跨国大追捕电影,2016/3/28,2016/5/27
跨国大追捕 电影,2016/3/28,2016/5/27
跨国大追捕,2016/3/28,2016/5/27
跨国大追捕电影,2016/3/28,2016/5/27
跨国大追捕 电影,2016/3/28,2016/5/27
立地电影,2016/3/28,2016/5/27
立地 电影,2016/3/28,2016/5/27
立地电影,2015/3/29,2015/5/28
立地 电影,2015/3/29,2015/5/28
勿忘初心电影,2016/3/28,2016/5/27
勿忘初心 电影,2016/3/28,2016/5/27
勿忘初心电影,2015/3/29,2015/5/28
勿忘初心 电影,2015/3/29,2015/5/28
谁动了我的大瓶电影,2016/3/28,2016/5/27
谁动了我的大瓶 电影,2016/3/28,2016/5/27
谁动了我的大瓶电影,2015/3/29,2015/5/28
谁动了我的大瓶 电影,2015/3/29,2015/5/28
非常意外电影,2016/3/28,2016/5/27
非常意外 电影,2016/3/28,2016/5/27
非常意外电影,2015/3/29,2015/5/28
非常意外 电影,2015/3/29,2015/5/28
黄天厚土电影,2016/3/28,2016/5/27
黄天厚土 电影,2016/3/28,2016/5/27
黄天厚土电影,2015/3/29,2015/5/28
黄天厚土 电影,2015/3/29,2015/5/28
白牦牛电影,2016/3/28,2016/5/27
白牦牛 电影,2016/3/28,2016/5/27
白牦牛电影,2015/3/29,2015/5/28
白牦牛 电影,2015/3/29,2015/5/28
长安侠影,2016/3/28,2016/5/27
长安侠影电影,2016/3/28,2016/5/27
长安侠影 电影,2016/3/28,2016/5/27
长安侠影,2016/3/28,2016/5/27
长安侠影电影,2016/3/28,2016/5/27
长安侠影 电影,2016/3/28,2016/5/27
胜利十一人电影,2016/3/28,2016/5/27
胜利十一人 电影,2016/3/28,2016/5/27
胜利十一人电影,2015/3/29,2015/5/28
胜利十一人 电影,2015/3/29,2015/5/28
大唐玄奘电影,2016/3/30,2016/5/29
大唐玄奘 电影,2016/3/30,2016/5/29
大唐玄奘电影,2015/3/31,2015/5/30
大唐玄奘 电影,2015/3/31,2015/5/30
北京遇上西雅图,2016/3/30,2016/5/29
北京遇上西雅图电影,2016/3/30,2016/5/29
北京遇上西雅图 电影,2016/3/30,2016/5/29
终极胜利电影,2016/3/30,2016/5/29
终极胜利 电影,2016/3/30,2016/5/29
终极胜利电影,2015/3/31,2015/5/30
终极胜利 电影,2015/3/31,2015/5/30
换个活法电影,2016/3/30,2016/5/29
换个活法 电影,2016/3/30,2016/5/29
换个活法电影,2015/3/31,2015/5/30
换个活法 电影,2015/3/31,2015/5/30
屠门镇,2016/3/30,2016/5/29
屠门镇电影,2016/3/30,2016/5/29
屠门镇 电影,2016/3/30,2016/5/29
我和爷爷电影,2016/3/30,2016/5/29
我和爷爷 电影,2016/3/30,2016/5/29
我和爷爷电影,2015/3/31,2015/5/30
我和爷爷 电影,2015/3/31,2015/5/30
大火种电影,2016/3/30,2016/5/29
大火种 电影,2016/3/30,2016/5/29
大火种电影,2015/3/31,2015/5/30
大火种 电影,2015/3/31,2015/5/30
提款机电影,2016/3/30,2016/5/29
提款机 电影,2016/3/30,2016/5/29
提款机电影,2015/3/31,2015/5/30
提款机 电影,2015/3/31,2015/5/30
阿里巴巴2:所罗门封,2016/3/31,2016/5/30
阿里巴巴2:所罗门封电影,2016/3/31,2016/5/30
阿里巴巴2:所罗门封 电影,2016/3/31,2016/5/30
马小乐,2016/3/31,2016/5/30
马小乐电影,2016/3/31,2016/5/30
马小乐 电影,2016/3/31,2016/5/30
雏鸟的天空电影,2016/4/6,2016/6/5
雏鸟的天空 电影,2016/4/6,2016/6/5
雏鸟的天空电影,2015/4/7,2015/6/6
雏鸟的天空 电影,2015/4/7,2015/6/6
判我有罪电影,2016/4/6,2016/6/5
判我有罪 电影,2016/4/6,2016/6/5
判我有罪电影,2015/4/7,2015/6/6
判我有罪 电影,2015/4/7,2015/6/6
妄想症电影,2016/4/6,2016/6/5
妄想症 电影,2016/4/6,2016/6/5
妄想症电影,2015/4/7,2015/6/6
妄想症 电影,2015/4/7,2015/6/6
百鸟朝凤电影,2016/4/6,2016/6/5
百鸟朝凤 电影,2016/4/6,2016/6/5
百鸟朝凤电影,2015/4/7,2015/6/6
百鸟朝凤 电影,2015/4/7,2015/6/6
幻体,2016/4/12,2016/6/11
幻体电影,2016/4/12,2016/6/11
幻体 电影,2016/4/12,2016/6/11
购物女王电影,2016/4/13,2016/6/12
购物女王 电影,2016/4/13,2016/6/12
购物女王电影,2015/4/14,2015/6/13
购物女王 电影,2015/4/14,2015/6/13
别开门电影,2016/4/13,2016/6/12
别开门 电影,2016/4/13,2016/6/12
别开门电影,2015/4/14,2015/6/13
别开门 电影,2015/4/14,2015/6/13
再见，在也不见电影,2016/4/13,2016/6/12
再见，在也不见 电影,2016/4/13,2016/6/12
再见，在也不见电影,2015/4/14,2015/6/13
再见，在也不见 电影,2015/4/14,2015/6/13
爱不孤单电影,2016/4/19,2016/6/18
爱不孤单 电影,2016/4/19,2016/6/18
爱不孤单电影,2015/4/20,2015/6/19
爱不孤单 电影,2015/4/20,2015/6/19
愈合期电影,2016/4/19,2016/6/18
愈合期 电影,2016/4/19,2016/6/18
愈合期电影,2015/4/20,2015/6/19
愈合期 电影,2015/4/20,2015/6/19
海洋之歌电影,2016/4/19,2016/6/18
海洋之歌 电影,2016/4/19,2016/6/18
海洋之歌电影,2015/4/20,2015/6/19
海洋之歌 电影,2015/4/20,2015/6/19
708090,2016/4/20,2016/6/19
708090电影,2016/4/20,2016/6/19
708090 电影,2016/4/20,2016/6/19
神行太保戴宗,2016/4/20,2016/6/19
神行太保戴宗电影,2016/4/20,2016/6/19
神行太保戴宗 电影,2016/4/20,2016/6/19
等爱电影,2016/4/20,2016/6/19
等爱 电影,2016/4/20,2016/6/19
等爱电影,2015/4/21,2015/6/20
等爱 电影,2015/4/21,2015/6/20
一句顶一万句电影,2016/4/20,2016/6/19
一句顶一万句 电影,2016/4/20,2016/6/19
一句顶一万句电影,2015/4/21,2015/6/20
一句顶一万句 电影,2015/4/21,2015/6/20
别离电影,2016/4/20,2016/6/19
别离 电影,2016/4/20,2016/6/19
别离电影,2015/4/21,2015/6/20
别离 电影,2015/4/21,2015/6/20
红月亮花灯,2016/4/20,2016/6/19
红月亮花灯电影,2016/4/20,2016/6/19
红月亮花灯 电影,2016/4/20,2016/6/19
死亡笔记电影,2016/4/20,2016/6/19
死亡笔记 电影,2016/4/20,2016/6/19
死亡笔记电影,2015/4/21,2015/6/20
死亡笔记 电影,2015/4/21,2015/6/20
在雨中电影,2016/4/20,2016/6/19
在雨中 电影,2016/4/20,2016/6/19
在雨中电影,2015/4/21,2015/6/20
在雨中 电影,2015/4/21,2015/6/20
钢刀电影,2016/4/20,2016/6/19
钢刀 电影,2016/4/20,2016/6/19
钢刀电影,2015/4/21,2015/6/20
钢刀 电影,2015/4/21,2015/6/20
分歧者3,2016/4/20,2016/6/19
分歧者3电影,2016/4/20,2016/6/19
分歧者3 电影,2016/4/20,2016/6/19
愤怒的小鸟电影,2016/4/20,2016/6/19
愤怒的小鸟 电影,2016/4/20,2016/6/19
愤怒的小鸟电影,2015/4/21,2015/6/20
愤怒的小鸟 电影,2015/4/21,2015/6/20
我在这里等你电影,2016/4/24,2016/6/23
我在这里等你 电影,2016/4/24,2016/6/23
我在这里等你电影,2015/4/25,2015/6/24
我在这里等你 电影,2015/4/25,2015/6/24
万里挑一电影,2016/4/24,2016/6/23
万里挑一 电影,2016/4/24,2016/6/23
万里挑一电影,2015/4/25,2015/6/24
万里挑一 电影,2015/4/25,2015/6/24
搬迁电影,2016/4/24,2016/6/23
搬迁 电影,2016/4/24,2016/6/23
搬迁电影,2015/4/25,2015/6/24
搬迁 电影,2015/4/25,2015/6/24
为了谁电影,2016/4/24,2016/6/23
为了谁 电影,2016/4/24,2016/6/23
为了谁电影,2015/4/25,2015/6/24
为了谁 电影,2015/4/25,2015/6/24
侠探锦毛鼠,2016/4/24,2016/6/23
侠探锦毛鼠电影,2016/4/24,2016/6/23
侠探锦毛鼠 电影,2016/4/24,2016/6/23
梦想者电影,2016/4/25,2016/6/24
梦想者 电影,2016/4/25,2016/6/24
梦想者电影,2015/4/26,2015/6/25
梦想者 电影,2015/4/26,2015/6/25
自我救赎电影,2016/4/25,2016/6/24
自我救赎 电影,2016/4/25,2016/6/24
自我救赎电影,2015/4/26,2015/6/25
自我救赎 电影,2015/4/26,2015/6/25
西厢记电影,2016/4/27,2016/6/26
西厢记 电影,2016/4/27,2016/6/26
西厢记电影,2015/4/28,2015/6/27
西厢记 电影,2015/4/28,2015/6/27
致青春:原来你还在这,2016/4/27,2016/6/26
致青春:原来你还在这电影,2016/4/27,2016/6/26
致青春:原来你还在这 电影,2016/4/27,2016/6/26
禁锢电影,2016/4/27,2016/6/26
禁锢 电影,2016/4/27,2016/6/26
禁锢电影,2015/4/28,2015/6/27
禁锢 电影,2015/4/28,2015/6/27
土豪家的上门女婿电影,2016/4/27,2016/6/26
土豪家的上门女婿 电影,2016/4/27,2016/6/26
土豪家的上门女婿电影,2015/4/28,2015/6/27
土豪家的上门女婿 电影,2015/4/28,2015/6/27
石头电影,2016/4/27,2016/6/26
石头 电影,2016/4/27,2016/6/26
石头电影,2015/4/28,2015/6/27
石头 电影,2015/4/28,2015/6/27
八仙传,2016/4/27,2016/6/26
八仙传电影,2016/4/27,2016/6/26
八仙传 电影,2016/4/27,2016/6/26
非常父子档电影,2016/4/27,2016/6/26
非常父子档 电影,2016/4/27,2016/6/26
非常父子档电影,2015/4/28,2015/6/27
非常父子档 电影,2015/4/28,2015/6/27
谜域,2016/4/27,2016/6/26
谜域电影,2016/4/27,2016/6/26
谜域 电影,2016/4/27,2016/6/26
山那边有匹马电影,2016/4/27,2016/6/26
山那边有匹马 电影,2016/4/27,2016/6/26
山那边有匹马电影,2015/4/28,2015/6/27
山那边有匹马 电影,2015/4/28,2015/6/27
小蚂蚁,2016/4/27,2016/6/26
小蚂蚁电影,2016/4/27,2016/6/26
小蚂蚁 电影,2016/4/27,2016/6/26
爱丽丝梦游仙境2,2016/4/27,2016/6/26
爱丽丝梦游仙境2电影,2016/4/27,2016/6/26
爱丽丝梦游仙境2 电影,2016/4/27,2016/6/26
水果宝贝,2016/5/2,2016/7/1
水果宝贝电影,2016/5/2,2016/7/1
水果宝贝 电影,2016/5/2,2016/7/1
斗龙战士,2016/5/2,2016/7/1
斗龙战士电影,2016/5/2,2016/7/1
斗龙战士 电影,2016/5/2,2016/7/1
死亡游戏电影,2016/5/4,2016/7/3
死亡游戏 电影,2016/5/4,2016/7/3
死亡游戏电影,2015/5/5,2015/7/4
死亡游戏 电影,2015/5/5,2015/7/4
记忆碎片电影,2016/5/4,2016/7/3
记忆碎片 电影,2016/5/4,2016/7/3
记忆碎片电影,2015/5/5,2015/7/4
记忆碎片 电影,2015/5/5,2015/7/4
X战警,2016/5/4,2016/7/3
X战警电影,2016/5/4,2016/7/3
X战警 电影,2016/5/4,2016/7/3
魔兽电影,2016/5/9,2016/7/8
魔兽 电影,2016/5/9,2016/7/8
魔兽电影,2015/5/10,2015/7/9
魔兽 电影,2015/5/10,2015/7/9
天亮之前电影,2016/5/10,2016/7/9
天亮之前 电影,2016/5/10,2016/7/9
天亮之前电影,2015/5/11,2015/7/10
天亮之前 电影,2015/5/11,2015/7/10
泰迪熊,2016/5/10,2016/7/9
泰迪熊电影,2016/5/10,2016/7/9
泰迪熊 电影,2016/5/10,2016/7/9
野长城电影,2016/5/15,2016/7/14
野长城 电影,2016/5/15,2016/7/14
野长城电影,2015/5/16,2015/7/15
野长城 电影,2015/5/16,2015/7/15
长安侠影,2016/5/15,2016/7/14
长安侠影电影,2016/5/15,2016/7/14
长安侠影 电影,2016/5/15,2016/7/14
长安侠影,2016/5/15,2016/7/14
长安侠影电影,2016/5/15,2016/7/14
长安侠影 电影,2016/5/15,2016/7/14
柠檬花开电影,2016/5/15,2016/7/14
柠檬花开 电影,2016/5/15,2016/7/14
柠檬花开电影,2015/5/16,2015/7/15
柠檬花开 电影,2015/5/16,2015/7/15
疯狂的旅程电影,2016/5/15,2016/7/14
疯狂的旅程 电影,2016/5/15,2016/7/14
疯狂的旅程电影,2015/5/16,2015/7/15
疯狂的旅程 电影,2015/5/16,2015/7/15
小警风云,2016/5/15,2016/7/14
小警风云电影,2016/5/15,2016/7/14
小警风云 电影,2016/5/15,2016/7/14
小警风云,2016/5/15,2016/7/14
小警风云电影,2016/5/15,2016/7/14
小警风云 电影,2016/5/15,2016/7/14
小警风云,2016/5/15,2016/7/14
小警风云电影,2016/5/15,2016/7/14
小警风云 电影,2016/5/15,2016/7/14
走出尘埃电影,2016/5/15,2016/7/14
走出尘埃 电影,2016/5/15,2016/7/14
走出尘埃电影,2015/5/16,2015/7/15
走出尘埃 电影,2015/5/16,2015/7/15
小警风云,2016/5/15,2016/7/14
小警风云电影,2016/5/15,2016/7/14
小警风云 电影,2016/5/15,2016/7/14
小警风云,2016/5/15,2016/7/14
小警风云电影,2016/5/15,2016/7/14
小警风云 电影,2016/5/15,2016/7/14
我叫哀木涕,2016/5/18,2016/7/17
我叫哀木涕电影,2016/5/18,2016/7/17
我叫哀木涕 电影,2016/5/18,2016/7/17
海底总动员2,2016/5/18,2016/7/17
海底总动员2电影,2016/5/18,2016/7/17
海底总动员2 电影,2016/5/18,2016/7/17
三人行电影,2016/5/25,2016/7/24
三人行 电影,2016/5/25,2016/7/24
三人行电影,2015/5/26,2015/7/25
三人行 电影,2015/5/26,2015/7/25
独立日,2016/5/25,2016/7/24
独立日电影,2016/5/25,2016/7/24
独立日 电影,2016/5/25,2016/7/24
赏金猎人电影,2016/6/1,2016/7/31
赏金猎人 电影,2016/6/1,2016/7/31
赏金猎人电影,2015/6/2,2015/8/1
赏金猎人 电影,2015/6/2,2015/8/1
丑小鸭历险记电影,2016/6/2,2016/8/1
丑小鸭历险记 电影,2016/6/2,2016/8/1
丑小鸭历险记电影,2015/6/3,2015/8/2
丑小鸭历险记 电影,2015/6/3,2015/8/2
我最好朋友的婚礼电影,2016/7/6,2016/9/4
我最好朋友的婚礼 电影,2016/7/6,2016/9/4
我最好朋友的婚礼电影,2015/7/7,2015/9/5
我最好朋友的婚礼 电影,2015/7/7,2015/9/5
碟仙诡谭2,2016/7/13,2016/9/11
碟仙诡谭2电影,2016/7/13,2016/9/11
碟仙诡谭2 电影,2016/7/13,2016/9/11